fixture_id,date,stage,city,country,home_team,away_team,result_available,home_host_nation,home_current_elo,home_form_10,home_goals_scored_form10,home_goals_conceded_form10,home_last_5_pts,home_intl_matches_available,home_wc_appearances,home_wc_wins,home_wc_finals,home_wc_semis,home_last_wc_year,home_squad_avg_age_2026,home_avg_club_prestige,home_max_club_prestige,home_players_with_recent_data,home_squad_xg_p90,home_squad_goals_p90,home_squad_key_passes_p90,home_squad_interceptions_p90,home_squad_pass_accuracy,home_squad_prog_carries_p90,away_host_nation,away_current_elo,away_form_10,away_goals_scored_form10,away_goals_conceded_form10,away_last_5_pts,away_intl_matches_available,away_wc_appearances,away_wc_wins,away_wc_finals,away_wc_semis,away_last_wc_year,away_squad_avg_age_2026,away_avg_club_prestige,away_max_club_prestige,away_players_with_recent_data,away_squad_xg_p90,away_squad_goals_p90,away_squad_key_passes_p90,away_squad_interceptions_p90,away_squad_pass_accuracy,away_squad_prog_carries_p90,elo_diff,home_elo_win_prob,form_diff,home_score,away_score
1,2026-06-11,Group Stage,Mexico City,Mexico,Mexico,South Africa,0,1,1975.69,0.7456,1.2,0.4,11,10,17,0,0,0,2022,32.2,5.0,5.0,20,0.0974,0.0218,0.7864,0.5024,0.7979,6.335,0,1545.44,0.4905,1.4,1.0,5,10,3,0,0,0,2010,,5.0,5.0,21,0.1675,0.148,0.4614,0.5832,0.8137,4.335,430.25,0.8118,0.2551,,
2,2026-06-11,Group Stage,Zapopan,Mexico,South Korea,Czech Republic,0,0,1845.27,0.6191,1.8,1.2,9,10,11,0,0,0,2022,32.0,5.0,5.0,0,,,,,,,0,1741.23,0.6411,1.8,1.3,11,10,1,0,0,0,2006,,5.0,5.0,23,0.0976,0.0638,0.5952,0.5527,0.7471,4.6552,104.03999999999996,0.6454,-0.022,,
3,2026-06-12,Group Stage,Toronto,Canada,Canada,Bosnia and Herzegovina,0,1,1835.73,0.6617,1.1,0.4,9,10,2,0,0,0,2022,31.6,5.237,9.5,22,0.1662,0.1175,0.4591,0.5552,0.7859,4.7087,0,1645.35,0.5623,2.0,1.1,7,10,1,0,0,0,2014,,5.0,5.0,0,,,,,,,190.3800000000001,0.7495,0.0994,,
4,2026-06-12,Group Stage,Inglewood,United States,USA,Paraguay,0,1,1835.43,0.5711,1.8,1.7,9,10,11,0,0,1,2022,28.8,5.575,9.0,21,0.0878,0.0695,0.6485,0.4169,0.7475,4.1225,0,1865.19,0.4857,1.0,1.0,6,10,8,0,0,0,2010,,5.0,5.0,20,0.0647,0.0656,0.5907,0.8532,0.7902,5.491,-29.75999999999999,0.4573,0.0854,,
5,2026-06-13,Group Stage,Santa Clara,United States,Qatar,Switzerland,0,0,1631.47,0.2564,0.9,1.7,1,10,1,0,0,0,2022,32.3,5.0,5.0,0,,,,,,,0,1872.59,0.7053,2.5,0.7,8,10,12,0,0,0,2022,31.2,5.521,9.5,20,0.1047,0.1358,0.4938,0.4814,0.8439,5.4684,-241.1199999999999,0.1997,-0.4489,,
6,2026-06-13,Group Stage,East Rutherford,United States,Brazil,Morocco,0,0,1930.75,0.6556,2.4,1.0,10,10,22,5,7,11,2022,32.0,7.596,10.0,20,0.1521,0.1122,0.4329,0.6414,0.8448,6.4939,0,1945.47,0.8544,2.0,0.3,11,10,6,0,0,1,2022,30.3,5.34,9.5,22,0.1281,0.0814,0.7813,0.3418,0.853,5.1601,-14.720000000000027,0.4788,-0.1988,,
7,2026-06-13,Group Stage,Foxborough,United States,Haiti,Scotland,0,0,1645.45,0.511,1.2,1.1,7,10,1,0,0,0,1974,,5.0,5.0,0,,,,,,,0,1789.06,0.6037,2.1,1.0,6,10,8,0,0,0,1998,,5.0,5.0,18,0.0222,0.0219,0.2843,0.3937,0.78,3.2588,-143.6099999999999,0.3043,-0.0927,,
8,2026-06-13,Group Stage,Vancouver,Canada,Australia,Turkey,0,0,1854.21,0.5431,1.4,1.0,6,10,6,0,0,0,2022,31.3,5.0,5.0,0,,,,,,,0,1920.12,0.8111,2.3,1.3,13,10,2,0,0,1,2002,,5.0,5.0,25,0.0817,0.101,0.6441,0.5683,0.8361,5.3803,-65.90999999999985,0.4063,-0.268,,
9,2026-06-14,Group Stage,Guadalupe,Mexico,Sweden,Tunisia,0,0,1729.32,0.411,1.5,2.1,7,10,12,0,1,4,2018,,5.0,5.0,0,,,,,,,0,1691.38,0.4879,1.3,1.0,6,10,6,0,0,0,2022,31.2,5.0,5.0,19,0.0539,0.0223,0.4684,0.4907,0.7785,4.5502,37.93999999999983,0.5544,-0.0769,,
10,2026-06-14,Group Stage,Arlington,United States,Netherlands,Japan,0,0,1938.39,0.8306,3.0,0.6,11,10,11,0,3,5,2022,30.4,6.071,9.5,19,0.0841,0.1034,0.7582,0.6089,0.8604,5.3421,0,1929.99,0.8527,1.9,0.6,15,10,7,0,0,0,2022,31.3,5.182,9.0,0,,,,,,,8.400000000000091,0.5121,-0.0221,,
11,2026-06-14,Group Stage,Houston,United States,Germany,Curaçao,0,0,1946.73,0.8744,2.6,0.9,15,10,10,1,2,5,2022,31.0,7.25,10.0,23,0.1068,0.1347,0.9429,0.4531,0.8839,6.8816,0,1585.94,0.3901,1.6,1.6,4,10,0,0,0,0,0,,5.0,5.0,0,,,,,,,360.78999999999996,0.8886,0.4843,,
12,2026-06-14,Group Stage,Philadelphia,United States,Ivory Coast,Ecuador,0,0,1752.32,0.7642,2.0,0.7,12,10,0,0,0,0,0,,5.0,5.0,24,0.0999,0.1127,0.6071,0.4337,0.8201,5.2992,0,1942.9,0.6694,0.9,0.5,9,10,4,0,0,0,2022,28.7,5.0,5.0,18,0.128,0.0968,0.4358,0.5004,0.7372,3.3734,-190.58000000000015,0.2503,0.0948,,
13,2026-06-15,Group Stage,Seattle,United States,Belgium,Egypt,0,0,1861.09,0.7922,3.5,1.0,11,10,14,0,0,2,2022,32.3,5.725,10.0,18,0.0766,0.0349,0.6274,0.3311,0.851,6.1522,0,1777.03,0.7375,1.4,0.5,8,10,3,0,0,0,2018,,5.0,5.0,22,0.2379,0.2356,0.8441,0.5889,0.8447,5.6925,84.05999999999995,0.6187,0.0547,,
14,2026-06-15,Group Stage,Inglewood,United States,Iran,New Zealand,0,0,1837.16,0.5919,1.7,0.8,8,10,6,0,0,0,2022,32.6,5.0,5.0,0,,,,,,,0,1708.68,0.2634,0.9,1.5,4,10,2,0,0,0,2010,,5.0,5.0,0,,,,,,,128.48000000000002,0.6769,0.3285,,
15,2026-06-15,Group Stage,Atlanta,United States,Spain,Cape Verde,0,0,2100.01,0.828,3.1,0.8,11,10,16,1,1,2,2022,30.0,7.595,10.0,25,0.0964,0.1278,0.9858,0.4381,0.8786,7.5396,0,1650.41,0.6297,1.7,1.0,6,10,0,0,0,0,0,,5.0,5.0,21,0.1289,0.1082,0.5528,0.5889,0.8096,4.4345,449.60000000000014,0.9301,0.1983,,
16,2026-06-15,Group Stage,Miami Gardens,United States,Saudi Arabia,Uruguay,0,0,1690.33,0.3152,1.0,1.5,3,10,6,0,0,0,2022,31.6,5.0,5.0,0,,,,,,,0,1871.66,0.5735,1.0,0.9,6,10,14,2,2,5,2022,32.1,5.711,10.0,21,0.1615,0.2058,0.6716,0.5741,0.7835,5.5675,-181.33000000000015,0.2604,-0.2583,,
17,2026-06-16,Group Stage,Santa Clara,United States,Austria,Jordan,0,0,1817.17,0.8534,2.7,0.4,13,10,7,0,0,2,1998,,5.0,5.0,19,0.1017,0.0998,0.6484,0.7482,0.8138,6.0521,0,1730.53,0.5438,1.9,1.6,5,10,0,0,0,0,0,,5.0,5.0,0,,,,,,,86.6400000000001,0.6222,0.3096,,
18,2026-06-16,Group Stage,Kansas City,United States,Argentina,Algeria,0,0,2040.35,0.8726,2.5,0.4,15,10,18,3,6,6,2022,31.3,5.646,9.5,24,0.1616,0.131,0.675,0.5138,0.8618,5.8133,0,1808.9,0.7622,2.3,0.5,10,10,4,0,0,0,2014,,5.0,5.0,20,0.0839,0.0649,0.6918,0.4972,0.8408,6.5506,231.44999999999982,0.7912,0.1104,,
19,2026-06-16,Group Stage,East Rutherford,United States,France,Senegal,0,0,2034.02,0.8902,2.7,1.1,13,10,16,2,4,7,2022,30.2,7.208,10.0,18,0.1366,0.079,0.9363,0.5415,0.8775,7.3101,0,1853.95,0.7015,1.9,0.9,9,10,3,0,0,0,2022,30.2,5.4,9.0,22,0.1416,0.2016,0.5273,0.5738,0.8047,4.6528,180.06999999999994,0.7382,0.1887,,
20,2026-06-16,Group Stage,Foxborough,United States,Iraq,Norway,0,0,1752.87,0.6939,1.1,0.7,9,10,1,0,0,0,1986,,5.0,5.0,0,,,,,,,0,1885.18,0.7612,3.1,0.7,10,10,3,0,0,0,1998,,5.0,5.0,0,,,,,,,-132.31000000000017,0.3183,-0.0673,,
21,2026-06-17,Group Stage,Houston,United States,Portugal,DR Congo,0,0,1927.13,0.7356,2.6,1.0,8,10,8,0,0,2,2022,30.5,6.062,9.5,24,0.1768,0.1082,0.7452,0.4207,0.8788,8.7981,0,1740.46,0.7845,1.2,0.3,10,10,0,0,0,0,0,,5.0,5.0,23,0.2155,0.1712,0.5856,0.4054,0.7917,5.433,186.67000000000007,0.7455,-0.0489,,
22,2026-06-17,Group Stage,Mexico City,Mexico,Uzbekistan,Colombia,0,0,1807.77,0.5597,1.3,0.7,6,10,0,0,0,0,0,,5.0,5.0,0,,,,,,,0,1923.91,0.6624,2.4,1.1,9,10,6,0,0,0,2018,,5.0,5.0,24,0.0971,0.1246,0.6124,0.4463,0.8257,4.1621,-116.1400000000001,0.3388,-0.1027,,
23,2026-06-17,Group Stage,Arlington,United States,England,Croatia,0,0,1991.02,0.7113,2.2,0.5,10,10,16,1,1,3,2022,30.7,7.775,9.5,21,0.095,0.1177,0.48,0.3441,0.8686,5.9046,0,1905.19,0.8011,2.9,0.8,12,10,6,0,1,3,2022,31.7,5.643,10.0,20,0.1259,0.0432,0.6702,0.7134,0.8716,6.1614,85.82999999999993,0.6211,-0.0898,,
24,2026-06-17,Group Stage,Toronto,Canada,Ghana,Panama,0,0,1596.46,0.3382,1.4,1.3,0,10,4,0,0,0,2022,29.4,5.2,9.0,19,0.1103,0.1009,0.4707,0.8741,0.7588,4.0007,0,1775.96,0.5555,1.5,1.4,5,10,1,0,0,0,2018,,5.0,5.0,21,0.0547,0.1018,0.5429,0.509,0.8065,5.836,-179.5,0.2624,-0.2173,,
25,2026-06-18,Group Stage,Atlanta,United States,Czech Republic,South Africa,0,0,1741.23,0.6411,1.8,1.3,11,10,1,0,0,0,2006,,5.0,5.0,23,0.0976,0.0638,0.5952,0.5527,0.7471,4.6552,0,1545.44,0.4905,1.4,1.0,5,10,3,0,0,0,2010,,5.0,5.0,21,0.1675,0.148,0.4614,0.5832,0.8137,4.335,195.78999999999996,0.6501,0.1506,,
26,2026-06-18,Group Stage,Zapopan,Mexico,Mexico,South Korea,0,1,1975.69,0.7456,1.2,0.4,11,10,17,0,0,0,2022,32.2,5.0,5.0,20,0.0974,0.0218,0.7864,0.5024,0.7979,6.335,0,1845.27,0.6191,1.8,1.2,9,10,11,0,0,0,2022,32.0,5.0,5.0,0,,,,,,,130.42000000000007,0.5605,0.1265,,
27,2026-06-18,Group Stage,Inglewood,United States,Switzerland,Bosnia and Herzegovina,0,0,1872.59,0.7053,2.5,0.7,8,10,12,0,0,0,2022,31.2,5.521,9.5,20,0.1047,0.1358,0.4938,0.4814,0.8439,5.4684,0,1645.35,0.5623,2.0,1.1,7,10,1,0,0,0,2014,,5.0,5.0,0,,,,,,,227.24,0.7872,0.143,,
28,2026-06-18,Group Stage,Vancouver,Canada,Canada,Qatar,0,1,1835.73,0.6617,1.1,0.4,9,10,2,0,0,0,2022,31.6,5.237,9.5,22,0.1662,0.1175,0.4591,0.5552,0.7859,4.7087,0,1631.47,0.2564,0.9,1.7,1,10,1,0,0,0,2022,32.3,5.0,5.0,0,,,,,,,204.26,0.7642,0.4053,,
29,2026-06-19,Group Stage,Santa Clara,United States,Turkey,Paraguay,0,0,1920.12,0.8111,2.3,1.3,13,10,2,0,0,1,2002,,5.0,5.0,25,0.0817,0.101,0.6441,0.5683,0.8361,5.3803,0,1865.19,0.4857,1.0,1.0,6,10,8,0,0,0,2010,,5.0,5.0,20,0.0647,0.0656,0.5907,0.8532,0.7902,5.491,54.929999999999836,0.5784,0.3254,,
30,2026-06-19,Group Stage,Foxborough,United States,Scotland,Morocco,0,0,1789.06,0.6037,2.1,1.0,6,10,8,0,0,0,1998,,5.0,5.0,18,0.0222,0.0219,0.2843,0.3937,0.78,3.2588,0,1945.47,0.8544,2.0,0.3,11,10,6,0,0,1,2022,30.3,5.34,9.5,22,0.1281,0.0814,0.7813,0.3418,0.853,5.1601,-156.41000000000008,0.289,-0.2507,,
31,2026-06-19,Group Stage,Philadelphia,United States,Brazil,Haiti,0,0,1930.75,0.6556,2.4,1.0,10,10,22,5,7,11,2022,32.0,7.596,10.0,20,0.1521,0.1122,0.4329,0.6414,0.8448,6.4939,0,1645.45,0.511,1.2,1.1,7,10,1,0,0,0,1974,,5.0,5.0,0,,,,,,,285.29999999999995,0.8379,0.1446,,
32,2026-06-19,Group Stage,Seattle,United States,USA,Australia,0,1,1835.43,0.5711,1.8,1.7,9,10,11,0,0,1,2022,28.8,5.575,9.0,21,0.0878,0.0695,0.6485,0.4169,0.7475,4.1225,0,1854.21,0.5431,1.4,1.0,6,10,6,0,0,0,2022,31.3,5.0,5.0,0,,,,,,,-18.779999999999973,0.473,0.028,,
33,2026-06-20,Group Stage,Houston,United States,Netherlands,Sweden,0,0,1938.39,0.8306,3.0,0.6,11,10,11,0,3,5,2022,30.4,6.071,9.5,19,0.0841,0.1034,0.7582,0.6089,0.8604,5.3421,0,1729.32,0.411,1.5,2.1,7,10,12,0,1,4,2018,,5.0,5.0,0,,,,,,,209.07000000000016,0.7691,0.4196,,
34,2026-06-20,Group Stage,Guadalupe,Mexico,Tunisia,Japan,0,0,1691.38,0.4879,1.3,1.0,6,10,6,0,0,0,2022,31.2,5.0,5.0,19,0.0539,0.0223,0.4684,0.4907,0.7785,4.5502,0,1929.99,0.8527,1.9,0.6,15,10,7,0,0,0,2022,31.3,5.182,9.0,0,,,,,,,-238.6099999999999,0.202,-0.3648,,
35,2026-06-20,Group Stage,Toronto,Canada,Germany,Ivory Coast,0,0,1946.73,0.8744,2.6,0.9,15,10,10,1,2,5,2022,31.0,7.25,10.0,23,0.1068,0.1347,0.9429,0.4531,0.8839,6.8816,0,1752.32,0.7642,2.0,0.7,12,10,0,0,0,0,0,,5.0,5.0,24,0.0999,0.1127,0.6071,0.4337,0.8201,5.2992,194.41000000000008,0.7538,0.1102,,
36,2026-06-20,Group Stage,Kansas City,United States,Ecuador,Curaçao,0,0,1942.9,0.6694,0.9,0.5,9,10,4,0,0,0,2022,28.7,5.0,5.0,18,0.128,0.0968,0.4358,0.5004,0.7372,3.3734,0,1585.94,0.3901,1.6,1.6,4,10,0,0,0,0,0,,5.0,5.0,0,,,,,,,356.96000000000004,0.8864,0.2793,,
37,2026-06-21,Group Stage,Inglewood,United States,Belgium,Iran,0,0,1861.09,0.7922,3.5,1.0,11,10,14,0,0,2,2022,32.3,5.725,10.0,18,0.0766,0.0349,0.6274,0.3311,0.851,6.1522,0,1837.16,0.5919,1.7,0.8,8,10,6,0,0,0,2022,32.6,5.0,5.0,0,,,,,,,23.929999999999836,0.5344,0.2003,,
38,2026-06-21,Group Stage,Vancouver,Canada,New Zealand,Egypt,0,0,1708.68,0.2634,0.9,1.5,4,10,2,0,0,0,2010,,5.0,5.0,0,,,,,,,0,1777.03,0.7375,1.4,0.5,8,10,3,0,0,0,2018,,5.0,5.0,22,0.2379,0.2356,0.8441,0.5889,0.8447,5.6925,-68.34999999999991,0.4029,-0.4741,,
39,2026-06-21,Group Stage,Atlanta,United States,Spain,Saudi Arabia,0,0,2100.01,0.828,3.1,0.8,11,10,16,1,1,2,2022,30.0,7.595,10.0,25,0.0964,0.1278,0.9858,0.4381,0.8786,7.5396,0,1690.33,0.3152,1.0,1.5,3,10,6,0,0,0,2022,31.6,5.0,5.0,0,,,,,,,409.6800000000003,0.9136,0.5128,,
40,2026-06-21,Group Stage,Miami Gardens,United States,Uruguay,Cape Verde,0,0,1871.66,0.5735,1.0,0.9,6,10,14,2,2,5,2022,32.1,5.711,10.0,21,0.1615,0.2058,0.6716,0.5741,0.7835,5.5675,0,1650.41,0.6297,1.7,1.0,6,10,0,0,0,0,0,,5.0,5.0,21,0.1289,0.1082,0.5528,0.5889,0.8096,4.4345,221.25,0.7814,-0.0562,,
41,2026-06-22,Group Stage,Philadelphia,United States,France,Iraq,0,0,2034.02,0.8902,2.7,1.1,13,10,16,2,4,7,2022,30.2,7.208,10.0,18,0.1366,0.079,0.9363,0.5415,0.8775,7.3101,0,1752.87,0.6939,1.1,0.7,9,10,1,0,0,0,1986,,5.0,5.0,0,,,,,,,281.1500000000001,0.8346,0.1963,,
42,2026-06-22,Group Stage,East Rutherford,United States,Norway,Senegal,0,0,1885.18,0.7612,3.1,0.7,10,10,3,0,0,0,1998,,5.0,5.0,0,,,,,,,0,1853.95,0.7015,1.9,0.9,9,10,3,0,0,0,2022,30.2,5.4,9.0,22,0.1416,0.2016,0.5273,0.5738,0.8047,4.6528,31.230000000000018,0.5448,0.0597,,
43,2026-06-22,Group Stage,Arlington,United States,Argentina,Austria,0,0,2040.35,0.8726,2.5,0.4,15,10,18,3,6,6,2022,31.3,5.646,9.5,24,0.1616,0.131,0.675,0.5138,0.8618,5.8133,0,1817.17,0.8534,2.7,0.4,13,10,7,0,0,2,1998,,5.0,5.0,19,0.1017,0.0998,0.6484,0.7482,0.8138,6.0521,223.17999999999984,0.7833,0.0192,,
44,2026-06-22,Group Stage,Santa Clara,United States,Jordan,Algeria,0,0,1730.53,0.5438,1.9,1.6,5,10,0,0,0,0,0,,5.0,5.0,0,,,,,,,0,1808.9,0.7622,2.3,0.5,10,10,4,0,0,0,2014,,5.0,5.0,20,0.0839,0.0649,0.6918,0.4972,0.8408,6.5506,-78.37000000000012,0.3891,-0.2184,,
45,2026-06-23,Group Stage,Houston,United States,Portugal,Uzbekistan,0,0,1927.13,0.7356,2.6,1.0,8,10,8,0,0,2,2022,30.5,6.062,9.5,24,0.1768,0.1082,0.7452,0.4207,0.8788,8.7981,0,1807.77,0.5597,1.3,0.7,6,10,0,0,0,0,0,,5.0,5.0,0,,,,,,,119.36000000000013,0.6653,0.1759,,
46,2026-06-23,Group Stage,Zapopan,Mexico,Colombia,DR Congo,0,0,1923.91,0.6624,2.4,1.1,9,10,6,0,0,0,2018,,5.0,5.0,24,0.0971,0.1246,0.6124,0.4463,0.8257,4.1621,0,1740.46,0.7845,1.2,0.3,10,10,0,0,0,0,0,,5.0,5.0,23,0.2155,0.1712,0.5856,0.4054,0.7917,5.433,183.45000000000005,0.7419,-0.1221,,
47,2026-06-23,Group Stage,Foxborough,United States,England,Ghana,0,0,1991.02,0.7113,2.2,0.5,10,10,16,1,1,3,2022,30.7,7.775,9.5,21,0.095,0.1177,0.48,0.3441,0.8686,5.9046,0,1596.46,0.3382,1.4,1.3,0,10,4,0,0,0,2022,29.4,5.2,9.0,19,0.1103,0.1009,0.4707,0.8741,0.7588,4.0007,394.55999999999995,0.9065,0.3731,,
48,2026-06-23,Group Stage,Toronto,Canada,Panama,Croatia,0,0,1775.96,0.5555,1.5,1.4,5,10,1,0,0,0,2018,,5.0,5.0,21,0.0547,0.1018,0.5429,0.509,0.8065,5.836,0,1905.19,0.8011,2.9,0.8,12,10,6,0,1,3,2022,31.7,5.643,10.0,20,0.1259,0.0432,0.6702,0.7134,0.8716,6.1614,-129.23000000000002,0.3222,-0.2456,,
49,2026-06-24,Group Stage,Atlanta,United States,Morocco,Haiti,0,0,1945.47,0.8544,2.0,0.3,11,10,6,0,0,1,2022,30.3,5.34,9.5,22,0.1281,0.0814,0.7813,0.3418,0.853,5.1601,0,1645.45,0.511,1.2,1.1,7,10,1,0,0,0,1974,,5.0,5.0,0,,,,,,,300.02,0.849,0.3434,,
50,2026-06-24,Group Stage,Seattle,United States,Bosnia and Herzegovina,Qatar,0,0,1645.35,0.5623,2.0,1.1,7,10,1,0,0,0,2014,,5.0,5.0,0,,,,,,,0,1631.47,0.2564,0.9,1.7,1,10,1,0,0,0,2022,32.3,5.0,5.0,0,,,,,,,13.879999999999882,0.52,0.3059,,
51,2026-06-24,Group Stage,Miami Gardens,United States,Scotland,Brazil,0,0,1789.06,0.6037,2.1,1.0,6,10,8,0,0,0,1998,,5.0,5.0,18,0.0222,0.0219,0.2843,0.3937,0.78,3.2588,0,1930.75,0.6556,2.4,1.0,10,10,22,5,7,11,2022,32.0,7.596,10.0,20,0.1521,0.1122,0.4329,0.6414,0.8448,6.4939,-141.69000000000005,0.3067,-0.0519,,
52,2026-06-24,Group Stage,Guadalupe,Mexico,South Africa,South Korea,0,0,1545.44,0.4905,1.4,1.0,5,10,3,0,0,0,2010,,5.0,5.0,21,0.1675,0.148,0.4614,0.5832,0.8137,4.335,0,1845.27,0.6191,1.8,1.2,9,10,11,0,0,0,2022,32.0,5.0,5.0,0,,,,,,,-299.8299999999999,0.2282,-0.1286,,
53,2026-06-24,Group Stage,Mexico City,Mexico,Mexico,Czech Republic,0,1,1975.69,0.7456,1.2,0.4,11,10,17,0,0,0,2022,32.2,5.0,5.0,20,0.0974,0.0218,0.7864,0.5024,0.7979,6.335,0,1741.23,0.6411,1.8,1.3,11,10,1,0,0,0,2006,,5.0,5.0,23,0.0976,0.0638,0.5952,0.5527,0.7471,4.6552,234.46000000000004,0.6989,0.1045,,
54,2026-06-24,Group Stage,Vancouver,Canada,Canada,Switzerland,0,1,1835.73,0.6617,1.1,0.4,9,10,2,0,0,0,2022,31.6,5.237,9.5,22,0.1662,0.1175,0.4591,0.5552,0.7859,4.7087,0,1872.59,0.7053,2.5,0.7,8,10,12,0,0,0,2022,31.2,5.521,9.5,20,0.1047,0.1358,0.4938,0.4814,0.8439,5.4684,-36.8599999999999,0.4472,-0.0436,,
55,2026-06-25,Group Stage,Inglewood,United States,USA,Turkey,0,1,1835.43,0.5711,1.8,1.7,9,10,11,0,0,1,2022,28.8,5.575,9.0,21,0.0878,0.0695,0.6485,0.4169,0.7475,4.1225,0,1920.12,0.8111,2.3,1.3,13,10,2,0,0,1,2002,,5.0,5.0,25,0.0817,0.101,0.6441,0.5683,0.8361,5.3803,-84.68999999999983,0.3805,-0.24,,
56,2026-06-25,Group Stage,Santa Clara,United States,Paraguay,Australia,0,0,1865.19,0.4857,1.0,1.0,6,10,8,0,0,0,2010,,5.0,5.0,20,0.0647,0.0656,0.5907,0.8532,0.7902,5.491,0,1854.21,0.5431,1.4,1.0,6,10,6,0,0,0,2022,31.3,5.0,5.0,0,,,,,,,10.980000000000018,0.5158,-0.0574,,
57,2026-06-25,Group Stage,Philadelphia,United States,Curaçao,Ivory Coast,0,0,1585.94,0.3901,1.6,1.6,4,10,0,0,0,0,0,,5.0,5.0,0,,,,,,,0,1752.32,0.7642,2.0,0.7,12,10,0,0,0,0,0,,5.0,5.0,24,0.0999,0.1127,0.6071,0.4337,0.8201,5.2992,-166.37999999999988,0.2773,-0.3741,,
58,2026-06-25,Group Stage,East Rutherford,United States,Ecuador,Germany,0,0,1942.9,0.6694,0.9,0.5,9,10,4,0,0,0,2022,28.7,5.0,5.0,18,0.128,0.0968,0.4358,0.5004,0.7372,3.3734,0,1946.73,0.8744,2.6,0.9,15,10,10,1,2,5,2022,31.0,7.25,10.0,23,0.1068,0.1347,0.9429,0.4531,0.8839,6.8816,-3.8299999999999272,0.4945,-0.205,,
59,2026-06-25,Group Stage,Arlington,United States,Japan,Sweden,0,0,1929.99,0.8527,1.9,0.6,15,10,7,0,0,0,2022,31.3,5.182,9.0,0,,,,,,,0,1729.32,0.411,1.5,2.1,7,10,12,0,1,4,2018,,5.0,5.0,0,,,,,,,200.67000000000007,0.7605,0.4417,,
60,2026-06-25,Group Stage,Kansas City,United States,Tunisia,Netherlands,0,0,1691.38,0.4879,1.3,1.0,6,10,6,0,0,0,2022,31.2,5.0,5.0,19,0.0539,0.0223,0.4684,0.4907,0.7785,4.5502,0,1938.39,0.8306,3.0,0.6,11,10,11,0,3,5,2022,30.4,6.071,9.5,19,0.0841,0.1034,0.7582,0.6089,0.8604,5.3421,-247.01,0.1944,-0.3427,,
61,2026-06-26,Group Stage,Toronto,Canada,Senegal,Iraq,0,0,1853.95,0.7015,1.9,0.9,9,10,3,0,0,0,2022,30.2,5.4,9.0,22,0.1416,0.2016,0.5273,0.5738,0.8047,4.6528,0,1752.87,0.6939,1.1,0.7,9,10,1,0,0,0,1986,,5.0,5.0,0,,,,,,,101.08000000000015,0.6415,0.0076,,
62,2026-06-26,Group Stage,Foxborough,United States,Norway,France,0,0,1885.18,0.7612,3.1,0.7,10,10,3,0,0,0,1998,,5.0,5.0,0,,,,,,,0,2034.02,0.8902,2.7,1.1,13,10,16,2,4,7,2022,30.2,7.208,10.0,18,0.1366,0.079,0.9363,0.5415,0.8775,7.3101,-148.83999999999992,0.298,-0.129,,
63,2026-06-26,Group Stage,Zapopan,Mexico,Uruguay,Spain,0,0,1871.66,0.5735,1.0,0.9,6,10,14,2,2,5,2022,32.1,5.711,10.0,21,0.1615,0.2058,0.6716,0.5741,0.7835,5.5675,0,2100.01,0.828,3.1,0.8,11,10,16,1,1,2,2022,30.0,7.595,10.0,25,0.0964,0.1278,0.9858,0.4381,0.8786,7.5396,-228.35000000000014,0.2117,-0.2545,,
64,2026-06-26,Group Stage,Vancouver,Canada,New Zealand,Belgium,0,0,1708.68,0.2634,0.9,1.5,4,10,2,0,0,0,2010,,5.0,5.0,0,,,,,,,0,1861.09,0.7922,3.5,1.0,11,10,14,0,0,2,2022,32.3,5.725,10.0,18,0.0766,0.0349,0.6274,0.3311,0.851,6.1522,-152.40999999999985,0.2937,-0.5288,,
65,2026-06-26,Group Stage,Seattle,United States,Egypt,Iran,0,0,1777.03,0.7375,1.4,0.5,8,10,3,0,0,0,2018,,5.0,5.0,22,0.2379,0.2356,0.8441,0.5889,0.8447,5.6925,0,1837.16,0.5919,1.7,0.8,8,10,6,0,0,0,2022,32.6,5.0,5.0,0,,,,,,,-60.13000000000011,0.4143,0.1456,,
66,2026-06-26,Group Stage,Houston,United States,Cape Verde,Saudi Arabia,0,0,1650.41,0.6297,1.7,1.0,6,10,0,0,0,0,0,,5.0,5.0,21,0.1289,0.1082,0.5528,0.5889,0.8096,4.4345,0,1690.33,0.3152,1.0,1.5,3,10,6,0,0,0,2022,31.6,5.0,5.0,0,,,,,,,-39.919999999999845,0.4428,0.3145,,
67,2026-06-27,Group Stage,East Rutherford,United States,Panama,England,0,0,1775.96,0.5555,1.5,1.4,5,10,1,0,0,0,2018,,5.0,5.0,21,0.0547,0.1018,0.5429,0.509,0.8065,5.836,0,1991.02,0.7113,2.2,0.5,10,10,16,1,1,3,2022,30.7,7.775,9.5,21,0.095,0.1177,0.48,0.3441,0.8686,5.9046,-215.05999999999995,0.2248,-0.1558,,
68,2026-06-27,Group Stage,Kansas City,United States,Algeria,Austria,0,0,1808.9,0.7622,2.3,0.5,10,10,4,0,0,0,2014,,5.0,5.0,20,0.0839,0.0649,0.6918,0.4972,0.8408,6.5506,0,1817.17,0.8534,2.7,0.4,13,10,7,0,0,2,1998,,5.0,5.0,19,0.1017,0.0998,0.6484,0.7482,0.8138,6.0521,-8.269999999999982,0.4881,-0.0912,,
69,2026-06-27,Group Stage,Arlington,United States,Jordan,Argentina,0,0,1730.53,0.5438,1.9,1.6,5,10,0,0,0,0,0,,5.0,5.0,0,,,,,,,0,2040.35,0.8726,2.5,0.4,15,10,18,3,6,6,2022,31.3,5.646,9.5,24,0.1616,0.131,0.675,0.5138,0.8618,5.8133,-309.81999999999994,0.1439,-0.3288,,
70,2026-06-27,Group Stage,Miami Gardens,United States,Colombia,Portugal,0,0,1923.91,0.6624,2.4,1.1,9,10,6,0,0,0,2018,,5.0,5.0,24,0.0971,0.1246,0.6124,0.4463,0.8257,4.1621,0,1927.13,0.7356,2.6,1.0,8,10,8,0,0,2,2022,30.5,6.062,9.5,24,0.1768,0.1082,0.7452,0.4207,0.8788,8.7981,-3.2200000000000273,0.4954,-0.0732,,
71,2026-06-27,Group Stage,Atlanta,United States,DR Congo,Uzbekistan,0,0,1740.46,0.7845,1.2,0.3,10,10,0,0,0,0,0,,5.0,5.0,23,0.2155,0.1712,0.5856,0.4054,0.7917,5.433,0,1807.77,0.5597,1.3,0.7,6,10,0,0,0,0,0,,5.0,5.0,0,,,,,,,-67.30999999999995,0.4043,0.2248,,
72,2026-06-27,Group Stage,Philadelphia,United States,Croatia,Ghana,0,0,1905.19,0.8011,2.9,0.8,12,10,6,0,1,3,2022,31.7,5.643,10.0,20,0.1259,0.0432,0.6702,0.7134,0.8716,6.1614,0,1596.46,0.3382,1.4,1.3,0,10,4,0,0,0,2022,29.4,5.2,9.0,19,0.1103,0.1009,0.4707,0.8741,0.7588,4.0007,308.73,0.8553,0.4629,,
