team,host_nation,current_elo,form_10,goals_scored_form10,goals_conceded_form10,last_5_pts,intl_matches_available,wc_appearances,wc_wins,wc_finals,wc_semis,last_wc_year,squad_avg_age_2026,avg_club_prestige,max_club_prestige,players_with_recent_data,squad_xg_p90,squad_goals_p90,squad_key_passes_p90,squad_interceptions_p90,squad_pass_accuracy,squad_prog_carries_p90
Spain,0,2100.01,0.828,3.1,0.8,11,10,16,1,1,2,2022,30.0,7.595,10.0,25,0.0964,0.1278,0.9858,0.4381,0.8786,7.5396
Argentina,0,2040.35,0.8726,2.5,0.4,15,10,18,3,6,6,2022,31.3,5.646,9.5,24,0.1616,0.131,0.675,0.5138,0.8618,5.8133
France,0,2034.02,0.8902,2.7,1.1,13,10,16,2,4,7,2022,30.2,7.208,10.0,18,0.1366,0.079,0.9363,0.5415,0.8775,7.3101
England,0,1991.02,0.7113,2.2,0.5,10,10,16,1,1,3,2022,30.7,7.775,9.5,21,0.095,0.1177,0.48,0.3441,0.8686,5.9046
Germany,0,1946.73,0.8744,2.6,0.9,15,10,10,1,2,5,2022,31.0,7.25,10.0,23,0.1068,0.1347,0.9429,0.4531,0.8839,6.8816
Morocco,0,1945.47,0.8544,2.0,0.3,11,10,6,0,0,1,2022,30.3,5.34,9.5,22,0.1281,0.0814,0.7813,0.3418,0.853,5.1601
Ecuador,0,1942.9,0.6694,0.9,0.5,9,10,4,0,0,0,2022,28.7,5.0,5.0,18,0.128,0.0968,0.4358,0.5004,0.7372,3.3734
Netherlands,0,1938.39,0.8306,3.0,0.6,11,10,11,0,3,5,2022,30.4,6.071,9.5,19,0.0841,0.1034,0.7582,0.6089,0.8604,5.3421
Brazil,0,1930.75,0.6556,2.4,1.0,10,10,22,5,7,11,2022,32.0,7.596,10.0,20,0.1521,0.1122,0.4329,0.6414,0.8448,6.4939
Japan,0,1929.99,0.8527,1.9,0.6,15,10,7,0,0,0,2022,31.3,5.182,9.0,0,,,,,,
Portugal,0,1927.13,0.7356,2.6,1.0,8,10,8,0,0,2,2022,30.5,6.062,9.5,24,0.1768,0.1082,0.7452,0.4207,0.8788,8.7981
Colombia,0,1923.91,0.6624,2.4,1.1,9,10,6,0,0,0,2018,,5.0,5.0,24,0.0971,0.1246,0.6124,0.4463,0.8257,4.1621
Turkey,0,1920.12,0.8111,2.3,1.3,13,10,2,0,0,1,2002,,5.0,5.0,25,0.0817,0.101,0.6441,0.5683,0.8361,5.3803
Croatia,0,1905.19,0.8011,2.9,0.8,12,10,6,0,1,3,2022,31.7,5.643,10.0,20,0.1259,0.0432,0.6702,0.7134,0.8716,6.1614
Mexico,1,1975.69,0.9282,1.2,0.4,11,10,17,0,0,0,2022,32.2,5.0,5.0,20,0.0974,0.0218,0.7864,0.5024,0.7979,6.335
Norway,0,1885.18,0.7612,3.1,0.7,10,10,3,0,0,0,1998,,5.0,5.0,0,,,,,,
Switzerland,0,1872.59,0.7053,2.5,0.7,8,10,12,0,0,0,2022,31.2,5.521,9.5,20,0.1047,0.1358,0.4938,0.4814,0.8439,5.4684
Uruguay,0,1871.66,0.5735,1.0,0.9,6,10,14,2,2,5,2022,32.1,5.711,10.0,21,0.1615,0.2058,0.6716,0.5741,0.7835,5.5675
Paraguay,0,1865.19,0.4857,1.0,1.0,6,10,8,0,0,0,2010,,5.0,5.0,20,0.0647,0.0656,0.5907,0.8532,0.7902,5.491
Belgium,0,1861.09,0.7922,3.5,1.0,11,10,14,0,0,2,2022,32.3,5.725,10.0,18,0.0766,0.0349,0.6274,0.3311,0.851,6.1522
Australia,0,1854.21,0.5431,1.4,1.0,6,10,6,0,0,0,2022,31.3,5.0,5.0,0,,,,,,
Senegal,0,1853.95,0.7015,1.9,0.9,9,10,3,0,0,0,2022,30.2,5.4,9.0,22,0.1416,0.2016,0.5273,0.5738,0.8047,4.6528
South Korea,0,1845.27,0.6191,1.8,1.2,9,10,11,0,0,0,2022,32.0,5.0,5.0,0,,,,,,
Iran,0,1837.16,0.5919,1.7,0.8,8,10,6,0,0,0,2022,32.6,5.0,5.0,0,,,,,,
Canada,1,1835.73,0.6617,1.1,0.4,9,10,2,0,0,0,2022,31.6,5.237,9.5,22,0.1662,0.1175,0.4591,0.5552,0.7859,4.7087
USA,1,1835.43,0.5711,1.8,1.7,9,10,11,0,0,1,2022,28.8,5.575,9.0,21,0.0878,0.0695,0.6485,0.4169,0.7475,4.1225
Austria,0,1817.17,0.8534,2.7,0.4,13,10,7,0,0,2,1998,,5.0,5.0,19,0.1017,0.0998,0.6484,0.7482,0.8138,6.0521
Algeria,0,1808.9,0.7622,2.3,0.5,10,10,4,0,0,0,2014,,5.0,5.0,20,0.0839,0.0649,0.6918,0.4972,0.8408,6.5506
Uzbekistan,0,1807.77,0.5597,1.3,0.7,6,10,0,0,0,0,0,,5.0,5.0,0,,,,,,
Scotland,0,1789.06,0.6037,2.1,1.0,6,10,8,0,0,0,1998,,5.0,5.0,18,0.0222,0.0219,0.2843,0.3937,0.78,3.2588
Egypt,0,1777.03,0.7375,1.4,0.5,8,10,3,0,0,0,2018,,5.0,5.0,22,0.2379,0.2356,0.8441,0.5889,0.8447,5.6925
Panama,0,1775.96,0.5555,1.5,1.4,5,10,1,0,0,0,2018,,5.0,5.0,21,0.0547,0.1018,0.5429,0.509,0.8065,5.836
Iraq,0,1752.87,0.6939,1.1,0.7,9,10,1,0,0,0,1986,,5.0,5.0,0,,,,,,
Ivory Coast,0,1752.32,0.7642,2.0,0.7,12,10,0,0,0,0,0,,5.0,5.0,24,0.0999,0.1127,0.6071,0.4337,0.8201,5.2992
Czech Republic,0,1741.23,0.6411,1.8,1.3,11,10,1,0,0,0,2006,,5.0,5.0,23,0.0976,0.0638,0.5952,0.5527,0.7471,4.6552
DR Congo,0,1740.46,0.7845,1.2,0.3,10,10,0,0,0,0,0,,5.0,5.0,23,0.2155,0.1712,0.5856,0.4054,0.7917,5.433
Jordan,0,1730.53,0.5438,1.9,1.6,5,10,0,0,0,0,0,,5.0,5.0,0,,,,,,
Sweden,0,1729.32,0.411,1.5,2.1,7,10,12,0,1,4,2018,,5.0,5.0,0,,,,,,
New Zealand,0,1708.68,0.2634,0.9,1.5,4,10,2,0,0,0,2010,,5.0,5.0,0,,,,,,
Tunisia,0,1691.38,0.4879,1.3,1.0,6,10,6,0,0,0,2022,31.2,5.0,5.0,19,0.0539,0.0223,0.4684,0.4907,0.7785,4.5502
Saudi Arabia,0,1690.33,0.3152,1.0,1.5,3,10,6,0,0,0,2022,31.6,5.0,5.0,0,,,,,,
Cape Verde,0,1650.41,0.6297,1.7,1.0,6,10,0,0,0,0,0,,5.0,5.0,21,0.1289,0.1082,0.5528,0.5889,0.8096,4.4345
Haiti,0,1645.45,0.511,1.2,1.1,7,10,1,0,0,0,1974,,5.0,5.0,0,,,,,,
Bosnia and Herzegovina,0,1645.35,0.5623,2.0,1.1,7,10,1,0,0,0,2014,,5.0,5.0,0,,,,,,
South Africa,0,1545.44,0.1385,1.4,1.0,5,10,3,0,0,0,2010,,5.0,5.0,21,0.1675,0.148,0.4614,0.5832,0.8137,4.335
Qatar,0,1631.47,0.2564,0.9,1.7,1,10,1,0,0,0,2022,32.3,5.0,5.0,0,,,,,,
Ghana,0,1596.46,0.3382,1.4,1.3,0,10,4,0,0,0,2022,29.4,5.2,9.0,19,0.1103,0.1009,0.4707,0.8741,0.7588,4.0007
Curaçao,0,1585.94,0.3901,1.6,1.6,4,10,0,0,0,0,0,,5.0,5.0,0,,,,,,
